Time,CPU_Usage,Memory_Usage,Processes,Disk_Usage,State
18:01:32,41.5,7.9,15,19.8,Medium
18:01:33,99.5,8.2,15,19.8,Heavy
18:01:34,99.5,8.4,15,19.8,Heavy
18:01:35,100.0,8.4,15,19.8,Heavy
18:01:36,99.0,8.7,15,19.8,Heavy
18:01:37,90.9,8.8,15,19.8,Heavy
18:01:38,5.0,8.8,15,19.8,Idle
18:01:39,3.0,8.8,15,19.8,Idle
18:01:40,2.5,8.8,15,19.8,Idle
18:01:41,3.0,8.8,15,19.8,Idle
18:01:42,5.0,8.8,15,19.8,Idle
18:01:43,3.5,8.8,15,19.8,Idle
18:01:44,3.5,8.8,15,19.8,Idle
18:01:45,2.5,8.8,15,19.8,Idle
18:01:46,3.5,8.8,15,19.8,Idle
18:01:47,26.6,9.1,15,19.8,Idle
18:01:48,56.1,9.0,15,19.8,Medium
18:01:49,37.9,8.7,15,19.8,Medium
18:01:50,3.5,8.7,15,19.8,Idle
18:01:51,3.5,8.7,15,19.8,Idle
18:01:52,3.5,8.7,15,19.8,Idle
18:01:53,2.0,8.7,15,19.8,Idle
18:01:54,3.5,8.7,15,19.8,Idle
18:01:55,2.0,8.7,15,19.8,Idle
18:01:56,3.0,8.7,15,19.8,Idle
18:01:57,10.6,8.7,15,19.8,Idle
18:01:58,4.0,8.7,15,19.8,Idle
18:01:59,28.1,9.0,15,19.8,Idle
18:02:00,56.1,8.9,15,19.8,Medium
18:02:01,34.7,8.9,15,19.8,Medium
18:02:02,4.6,8.9,15,19.8,Idle
18:02:03,3.0,8.9,15,19.8,Idle
18:02:04,2.5,8.9,15,19.8,Idle
18:02:05,5.0,8.9,15,19.8,Idle
18:02:06,3.0,8.9,15,19.8,Idle
18:02:07,5.0,8.9,15,19.8,Idle
18:02:08,3.5,8.9,15,19.8,Idle
18:02:09,3.0,8.9,15,19.8,Idle
18:02:10,3.0,8.9,15,19.8,Idle
18:02:11,29.6,9.0,15,19.8,Idle
18:02:12,59.5,9.0,15,19.8,Medium
18:02:13,31.8,9.0,15,19.8,Medium
18:02:14,3.0,9.0,15,19.8,Idle
18:02:15,3.0,9.0,15,19.8,Idle
18:02:16,3.0,9.0,15,19.8,Idle
18:02:17,4.0,9.0,15,19.8,Idle
18:02:18,3.0,9.0,15,19.8,Idle
18:02:19,3.0,9.0,15,19.8,Idle
18:02:20,2.5,9.0,15,19.8,Idle
18:02:21,2.0,9.0,15,19.8,Idle
18:02:22,5.1,9.0,15,19.8,Idle
18:02:23,31.0,9.0,15,19.8,Medium
18:02:24,56.6,9.0,15,19.8,Medium
18:02:25,39.2,8.9,15,19.8,Medium
18:02:26,3.5,8.9,15,19.8,Idle
18:02:27,3.0,8.9,15,19.8,Idle
18:02:28,3.5,8.9,15,19.8,Idle
18:02:29,3.5,8.9,15,19.8,Idle
18:02:30,3.0,8.9,15,19.8,Idle
18:02:31,4.5,8.9,15,19.8,Idle
18:02:32,4.1,8.9,15,19.8,Idle
18:02:33,4.0,8.9,15,19.8,Idle
18:02:34,3.5,8.9,15,19.8,Idle
18:02:35,26.6,8.9,15,19.8,Idle
18:02:36,58.1,9.0,15,19.8,Medium
18:02:37,35.4,9.0,15,19.8,Medium
18:02:38,2.5,9.0,15,19.8,Idle
18:02:39,3.0,9.0,15,19.8,Idle
18:02:40,3.0,9.0,15,19.8,Idle
18:02:41,3.0,9.0,15,19.8,Idle
18:02:42,5.0,9.0,15,19.8,Idle
18:02:43,2.5,9.0,15,19.8,Idle
18:02:44,2.5,9.0,15,19.8,Idle
18:02:45,4.0,9.0,15,19.8,Idle
18:02:46,2.0,9.0,15,19.8,Idle
18:02:47,28.3,9.0,15,19.8,Idle
18:02:48,54.8,9.0,15,19.8,Medium
18:02:49,27.8,9.1,15,19.8,Idle
18:02:50,2.5,9.1,15,19.8,Idle
18:02:51,2.5,9.1,15,19.8,Idle
18:02:52,1.5,9.1,15,19.8,Idle
18:02:53,3.0,9.1,15,19.8,Idle
18:02:54,2.5,9.1,15,19.8,Idle
18:02:55,2.5,9.1,15,19.8,Idle
18:02:56,3.5,9.1,15,19.8,Idle
18:02:57,3.0,9.1,15,19.8,Idle
18:02:58,2.5,9.1,15,19.8,Idle
18:02:59,33.7,8.7,15,19.8,Medium
18:03:00,56.3,9.0,15,19.8,Medium
18:03:01,18.2,8.8,15,19.8,Idle
18:03:02,2.5,8.8,15,19.8,Idle
18:03:03,3.5,8.8,15,19.8,Idle
18:03:04,2.5,8.8,15,19.8,Idle
18:03:05,2.5,8.8,15,19.8,Idle
18:03:06,6.0,8.8,15,19.8,Idle
18:03:07,3.5,8.8,15,19.8,Idle
18:03:08,2.5,8.8,15,19.8,Idle
18:03:09,3.0,8.8,15,19.8,Idle
18:03:10,2.0,8.8,15,19.8,Idle
18:03:11,43.0,9.0,15,19.8,Medium
18:03:12,57.6,9.0,15,19.8,Medium
18:03:13,10.6,9.0,15,19.8,Idle
18:03:14,2.5,9.0,15,19.8,Idle
18:03:15,3.0,9.0,15,19.8,Idle
18:03:16,3.5,9.0,15,19.8,Idle
18:03:17,2.5,9.0,15,19.8,Idle
18:03:18,31.5,8.7,15,19.8,Medium
18:03:19,3.5,8.7,15,19.8,Idle
18:03:20,3.0,8.7,15,19.8,Idle
18:03:21,3.5,8.7,15,19.8,Idle
18:03:22,2.5,8.7,15,19.8,Idle
18:03:23,49.0,8.7,15,19.8,Medium
18:03:24,58.2,8.7,15,19.8,Medium
18:03:25,3.5,8.7,15,19.8,Idle
18:03:26,3.0,8.7,15,19.8,Idle
18:03:27,3.5,8.7,15,19.8,Idle
18:03:28,3.5,8.7,15,19.8,Idle
18:03:29,3.0,8.7,15,19.8,Idle
18:03:30,3.0,8.7,15,19.8,Idle
18:03:31,2.5,8.7,15,19.8,Idle
18:03:32,3.5,8.7,15,19.8,Idle
18:03:33,2.5,8.7,15,19.8,Idle
18:03:34,3.5,8.7,15,19.8,Idle
18:03:35,55.5,8.8,15,19.8,Medium
18:03:36,58.1,8.8,15,19.8,Medium
18:03:37,3.5,8.8,15,19.8,Idle
18:03:38,3.5,8.8,15,19.8,Idle
18:03:39,2.5,8.8,15,19.8,Idle
18:03:40,3.0,8.8,15,19.8,Idle
18:03:41,2.0,8.8,15,19.8,Idle
18:03:42,3.0,8.8,15,19.8,Idle
18:03:43,3.0,8.8,15,19.8,Idle
18:03:44,2.5,8.8,15,19.8,Idle
18:03:45,3.0,8.8,15,19.8,Idle
18:03:46,6.9,8.8,15,19.8,Idle
18:03:47,55.6,8.8,15,19.8,Medium
18:03:48,49.2,8.7,15,19.8,Medium
18:03:49,2.5,8.7,15,19.8,Idle
18:03:50,2.5,8.7,15,19.8,Idle
18:03:51,3.0,8.7,15,19.8,Idle
18:03:52,2.5,8.7,15,19.8,Idle
18:03:53,2.5,8.7,15,19.8,Idle
18:03:54,3.5,8.7,15,19.8,Idle
18:03:55,2.5,8.7,15,19.8,Idle
18:03:56,3.0,8.7,15,19.8,Idle
18:03:57,2.0,8.7,15,19.8,Idle
18:03:58,15.0,8.7,15,19.8,Idle
18:03:59,51.8,8.8,15,19.8,Medium
18:04:00,41.0,8.8,15,19.8,Medium
18:04:01,3.0,8.8,15,19.8,Idle
18:04:02,2.5,8.8,15,19.8,Idle
18:04:03,3.0,8.8,15,19.8,Idle
18:04:04,3.0,8.8,15,19.8,Idle
18:04:05,3.0,8.8,15,19.8,Idle
18:04:06,5.1,8.8,15,19.8,Idle
18:04:07,3.0,8.8,15,19.8,Idle
18:04:08,3.0,8.8,15,19.8,Idle
18:04:09,3.5,8.8,15,19.8,Idle
18:04:10,22.6,8.8,15,19.8,Idle
18:04:11,56.0,8.8,15,19.8,Medium
18:04:12,32.7,8.8,15,19.8,Medium
18:04:13,3.0,8.8,15,19.8,Idle
18:04:14,3.0,8.8,15,19.8,Idle
18:04:15,2.5,8.8,15,19.8,Idle
18:04:16,2.5,8.8,15,19.8,Idle
18:04:17,3.0,8.8,15,19.8,Idle
18:04:18,3.5,8.8,15,19.8,Idle
18:04:19,3.0,8.8,15,19.8,Idle
18:04:20,2.5,8.8,15,19.8,Idle
18:04:21,2.5,8.8,15,19.8,Idle
18:04:22,30.8,8.6,15,19.8,Medium
18:04:23,55.3,8.7,15,19.8,Medium
18:04:24,26.0,8.7,15,19.8,Idle
18:04:25,2.5,8.7,15,19.8,Idle
18:04:26,3.5,8.7,15,19.8,Idle
18:04:27,2.5,8.7,15,19.8,Idle
18:04:28,3.0,8.7,15,19.8,Idle
18:04:29,2.5,8.7,15,19.8,Idle
18:04:30,3.0,8.7,15,19.8,Idle
18:04:32,2.5,8.7,15,19.8,Idle
18:04:33,3.0,8.7,15,19.8,Idle
18:04:34,4.1,8.7,15,19.8,Idle
18:04:35,36.2,8.8,15,19.8,Medium
18:04:36,57.3,8.8,15,19.8,Medium
18:04:37,21.8,8.6,15,19.8,Idle
18:04:38,3.0,8.6,15,19.8,Idle
18:04:39,2.5,8.6,15,19.8,Idle
18:04:40,3.0,8.6,15,19.8,Idle
18:04:41,2.5,8.6,15,19.8,Idle
18:04:42,3.5,8.6,15,19.8,Idle
18:04:43,3.0,8.6,15,19.8,Idle
18:04:44,3.0,8.6,15,19.8,Idle
18:04:45,3.0,8.6,15,19.8,Idle
18:04:46,2.5,8.6,15,19.8,Idle
18:04:47,41.5,8.8,15,19.8,Medium
18:04:48,56.6,8.7,15,19.8,Medium
18:04:49,7.6,8.7,15,19.8,Idle
18:04:50,2.5,8.7,15,19.8,Idle
18:04:51,2.5,8.7,15,19.8,Idle
18:04:52,3.0,8.7,15,19.8,Idle
18:04:53,3.5,8.7,15,19.8,Idle
18:04:54,2.5,8.7,15,19.8,Idle
18:04:55,2.5,8.7,15,19.8,Idle
18:04:56,3.0,8.7,15,19.8,Idle
18:04:57,2.5,8.7,15,19.8,Idle
18:04:58,3.0,8.7,15,19.8,Idle
18:04:59,51.3,8.7,15,19.8,Medium
18:05:00,54.3,8.8,15,19.8,Medium
18:05:01,3.5,8.8,15,19.8,Idle
18:05:02,3.5,8.8,15,19.8,Idle
18:05:03,4.0,8.8,15,19.8,Idle
18:05:04,3.0,8.8,15,19.8,Idle
18:05:05,3.0,8.8,15,19.8,Idle
18:05:06,2.0,8.8,15,19.8,Idle
18:05:07,5.6,8.8,15,19.8,Idle
18:05:08,3.0,8.8,15,19.8,Idle
18:05:09,3.0,8.8,15,19.8,Idle
18:05:10,8.5,8.8,15,19.8,Idle
18:05:11,54.8,8.7,15,19.8,Medium
18:05:12,49.2,8.7,15,19.8,Medium
18:05:13,10.1,8.7,15,19.8,Idle
18:05:14,3.5,8.7,15,19.8,Idle
18:05:15,2.5,8.7,15,19.8,Idle
18:05:16,3.0,8.7,15,19.8,Idle
18:05:17,2.5,8.7,15,19.8,Idle
18:05:18,4.5,8.7,15,19.8,Idle
18:05:19,3.0,8.7,15,19.8,Idle
18:05:20,3.0,8.7,15,19.8,Idle
18:05:21,4.0,8.7,15,19.8,Idle
18:05:22,15.1,8.8,15,19.8,Idle
18:05:23,55.8,8.8,15,19.8,Medium
18:05:24,42.7,8.7,15,19.8,Medium
18:05:25,2.5,8.7,15,19.8,Idle
18:05:26,2.5,8.7,15,19.8,Idle
18:05:27,3.0,8.7,15,19.8,Idle
18:05:28,3.5,8.7,15,19.8,Idle
18:05:29,3.0,8.7,15,19.8,Idle
18:05:30,3.0,8.7,15,19.8,Idle
18:05:31,3.0,8.7,15,19.8,Idle
18:05:32,2.5,8.7,15,19.8,Idle
18:05:33,5.0,8.7,15,19.8,Idle
18:05:34,21.8,8.8,15,19.8,Idle
18:05:35,54.3,8.8,15,19.8,Medium
18:05:36,38.2,8.8,15,19.8,Medium
18:05:37,5.1,8.5,15,19.8,Idle
18:05:38,2.5,8.5,15,19.8,Idle
18:05:39,1.0,8.5,15,19.8,Idle
18:05:40,2.5,8.5,15,19.8,Idle
18:05:41,2.5,8.5,15,19.8,Idle
18:05:42,2.0,8.5,15,19.8,Idle
18:05:43,8.5,8.5,15,19.8,Idle
18:05:44,3.0,8.5,15,19.8,Idle
18:05:45,2.5,8.5,15,19.8,Idle
18:05:46,24.6,8.7,15,19.8,Idle
18:05:47,54.8,8.7,15,19.8,Medium
18:05:48,26.8,8.7,15,19.8,Idle
18:05:49,3.0,8.7,15,19.8,Idle
18:05:50,3.0,8.7,15,19.8,Idle
18:05:51,3.0,8.7,15,19.8,Idle
18:05:52,2.0,8.7,15,19.8,Idle
18:05:53,9.5,8.7,15,19.8,Idle
18:05:54,4.0,8.7,15,19.8,Idle
18:05:55,3.0,8.7,15,19.8,Idle
18:05:56,2.5,8.7,15,19.8,Idle
18:05:57,2.5,8.7,15,19.8,Idle
18:05:58,35.7,8.6,15,19.8,Medium
18:05:59,56.5,8.7,15,19.8,Medium
18:06:00,14.1,8.7,15,19.8,Idle
18:06:01,2.5,8.7,15,19.8,Idle
18:06:02,3.5,8.7,15,19.8,Idle
18:06:03,3.0,8.7,15,19.8,Idle
18:06:04,3.0,8.7,15,19.8,Idle
18:06:05,3.0,8.7,15,19.8,Idle
18:06:06,2.5,8.7,15,19.8,Idle
18:06:07,5.5,8.7,15,19.8,Idle
18:06:08,3.0,8.7,15,19.8,Idle
18:06:09,2.5,8.7,15,19.8,Idle
18:06:10,47.0,8.7,15,19.8,Medium
18:06:11,57.6,8.7,15,19.8,Medium
18:06:12,5.1,8.7,15,19.8,Idle
18:06:13,4.0,8.7,15,19.8,Idle
18:06:14,3.0,8.7,15,19.8,Idle
18:06:15,3.0,8.7,15,19.8,Idle
18:06:16,2.5,8.7,15,19.8,Idle
18:06:17,1.5,8.7,15,19.8,Idle
18:06:18,2.0,8.7,15,19.8,Idle
18:06:19,1.5,8.7,15,19.8,Idle
18:06:20,2.5,8.7,15,19.8,Idle
18:06:21,2.5,8.7,15,19.8,Idle
18:06:22,54.5,8.7,15,19.8,Medium
18:06:23,52.8,8.8,15,19.8,Medium
18:06:24,2.5,8.8,15,19.8,Idle
18:06:25,3.0,8.8,15,19.8,Idle
18:06:26,3.0,8.8,15,19.8,Idle
18:06:27,3.0,8.8,15,19.8,Idle
18:06:28,2.5,8.8,15,19.8,Idle
18:06:29,2.0,8.8,15,19.8,Idle
18:06:30,2.5,8.8,15,19.8,Idle
18:06:31,3.5,8.8,15,19.8,Idle
18:06:32,3.5,8.8,15,19.8,Idle
18:06:33,10.1,8.6,15,19.8,Idle
18:06:34,55.0,8.7,15,19.8,Medium
18:06:35,43.9,8.5,15,19.8,Medium
18:06:36,2.0,8.5,15,19.8,Idle
18:06:37,4.6,8.5,15,19.8,Idle
18:06:38,2.5,8.5,15,19.8,Idle
18:06:39,3.0,8.5,15,19.8,Idle
18:06:40,3.0,8.5,15,19.8,Idle
18:06:41,3.0,8.5,15,19.8,Idle
18:06:42,2.5,8.5,15,19.8,Idle
18:06:43,2.5,8.5,15,19.8,Idle
18:06:44,3.0,8.5,15,19.8,Idle
18:06:45,18.4,8.7,15,19.8,Idle
18:06:46,54.7,8.6,15,19.8,Medium
18:06:47,35.4,8.7,15,19.8,Medium
18:06:48,2.5,8.7,15,19.8,Idle
18:06:49,3.0,8.7,15,19.8,Idle
18:06:50,3.0,8.7,15,19.8,Idle
18:06:51,3.5,8.7,15,19.8,Idle
18:06:52,3.0,8.7,15,19.8,Idle
18:06:53,2.5,8.7,15,19.8,Idle
18:06:54,2.5,8.7,15,19.8,Idle
18:06:55,2.5,8.7,15,19.8,Idle
18:06:56,3.0,8.7,15,19.8,Idle
18:06:57,26.3,8.8,15,19.8,Idle
18:06:58,54.5,8.8,15,19.8,Medium
18:06:59,23.7,8.8,15,19.8,Idle
18:07:00,3.0,8.8,15,19.8,Idle
18:07:01,3.0,8.8,15,19.8,Idle
18:07:02,3.0,8.8,15,19.8,Idle
18:07:03,3.5,8.8,15,19.8,Idle
18:07:04,3.0,8.8,15,19.8,Idle
18:07:05,3.5,8.5,15,19.8,Idle
18:07:06,3.0,8.5,15,19.8,Idle
18:07:07,5.1,8.5,15,19.8,Idle
18:07:08,2.5,8.5,15,19.8,Idle
18:07:09,37.1,8.7,15,19.8,Medium
18:07:10,56.6,8.7,15,19.8,Medium
18:07:11,13.6,8.5,15,19.8,Idle
18:07:12,2.5,8.5,15,19.8,Idle
18:07:13,4.0,8.5,15,19.8,Idle
18:07:14,3.0,8.5,15,19.8,Idle
18:07:15,2.5,8.5,15,19.8,Idle
18:07:16,2.5,8.5,15,19.8,Idle
18:07:17,3.5,8.5,15,19.8,Idle
18:07:18,2.5,8.5,15,19.8,Idle
18:07:19,2.5,8.5,15,19.8,Idle
18:07:20,3.0,8.5,15,19.8,Idle
18:07:21,46.5,8.6,15,19.8,Medium
18:07:22,57.6,8.5,15,19.8,Medium
18:07:23,6.1,8.5,15,19.8,Idle
18:07:24,3.0,8.5,15,19.8,Idle
18:07:25,2.5,8.5,15,19.8,Idle
18:07:26,4.0,8.5,15,19.8,Idle
18:07:27,2.5,8.5,15,19.8,Idle
18:07:28,2.5,8.5,15,19.8,Idle
18:07:29,3.5,8.5,15,19.8,Idle
18:07:30,3.0,8.5,15,19.8,Idle
18:07:31,2.5,8.5,15,19.8,Idle
18:07:32,3.5,8.5,15,19.8,Idle
18:07:33,52.5,8.7,15,19.8,Medium
18:07:34,51.3,8.6,15,19.8,Medium
18:07:35,3.0,8.6,15,19.8,Idle
18:07:36,3.0,8.6,15,19.8,Idle
18:07:37,3.0,8.6,15,19.8,Idle
18:07:38,5.0,8.6,15,19.8,Idle
18:07:39,3.5,8.6,15,19.8,Idle
18:07:40,2.5,8.6,15,19.8,Idle
18:07:41,3.0,8.6,15,19.8,Idle
18:07:42,4.6,8.6,16,19.8,Idle
18:07:43,6.6,8.6,15,19.8,Idle
18:07:44,9.6,8.7,15,19.8,Idle
18:07:45,53.3,8.7,15,19.8,Medium
18:07:46,45.5,8.6,15,19.8,Medium
18:07:47,8.1,8.6,15,19.8,Idle
18:07:48,10.7,8.7,15,19.8,Idle
18:07:49,3.0,8.7,15,19.8,Idle
18:07:50,3.5,8.7,15,19.8,Idle
18:07:51,2.0,8.7,15,19.8,Idle
18:07:52,5.0,8.7,15,19.8,Idle
18:07:53,2.5,8.7,15,19.8,Idle
18:07:54,3.0,8.7,15,19.8,Idle
18:07:55,2.5,8.7,15,19.8,Idle
18:07:56,18.5,8.6,15,19.8,Idle
18:07:57,54.5,8.6,15,19.8,Medium
18:07:58,37.1,8.8,15,19.8,Medium
18:07:59,2.5,8.8,15,19.8,Idle
18:08:00,3.5,8.8,15,19.8,Idle
18:08:01,2.5,8.8,15,19.8,Idle
18:08:02,3.0,8.8,15,19.8,Idle
18:08:03,2.5,8.8,15,19.8,Idle
18:08:04,2.5,8.8,15,19.8,Idle
18:08:05,2.5,8.8,15,19.8,Idle
18:08:06,2.5,8.8,15,19.8,Idle
18:08:07,2.5,8.8,15,19.8,Idle
18:08:08,29.1,8.8,15,19.8,Idle
18:08:09,54.5,8.8,15,19.8,Medium
18:08:10,24.5,8.8,15,19.8,Idle
18:08:11,3.0,8.8,15,19.8,Idle
18:08:12,2.0,8.8,15,19.8,Idle
18:08:13,3.5,8.8,15,19.8,Idle
18:08:14,5.5,8.8,15,19.8,Idle
18:08:15,2.5,8.8,15,19.8,Idle
18:08:16,2.0,8.8,15,19.8,Idle
18:08:17,2.5,8.8,15,19.8,Idle
18:08:18,3.0,8.8,15,19.8,Idle
18:08:19,2.0,8.8,15,19.8,Idle
18:08:20,36.2,8.7,15,19.8,Medium
18:08:21,56.6,8.8,15,19.8,Medium
18:08:22,15.4,8.5,15,19.8,Idle
18:08:23,2.5,8.5,15,19.8,Idle
18:08:24,2.5,8.5,15,19.8,Idle
18:08:25,3.0,8.5,15,19.8,Idle
18:08:26,3.0,8.5,15,19.8,Idle
18:08:27,2.5,8.5,15,19.8,Idle
18:08:28,2.5,8.5,15,19.8,Idle
18:08:29,3.5,8.5,15,19.8,Idle
18:08:30,3.5,8.5,15,19.8,Idle
18:08:31,3.0,8.5,15,19.8,Idle
18:08:32,46.5,8.6,15,19.8,Medium
18:08:33,58.4,8.8,15,19.8,Medium
18:08:34,6.1,8.8,15,19.8,Idle
18:08:35,3.5,8.8,15,19.8,Idle
18:08:36,2.5,8.8,15,19.8,Idle
18:08:37,2.0,8.8,15,19.8,Idle
18:08:38,4.0,8.8,15,19.8,Idle
18:08:39,3.0,8.8,15,19.8,Idle
18:08:40,3.0,8.8,15,19.8,Idle
18:08:41,2.5,8.8,15,19.8,Idle
18:08:42,2.5,8.8,15,19.8,Idle
18:08:43,3.0,8.8,15,19.8,Idle
18:08:44,53.3,8.7,15,19.8,Medium
18:08:45,50.0,8.7,15,19.8,Medium
18:08:46,2.5,8.7,15,19.8,Idle
18:08:47,2.0,8.7,15,19.8,Idle
18:08:48,3.5,8.7,15,19.8,Idle
18:08:49,2.5,8.7,15,19.8,Idle
18:08:50,2.5,8.7,15,19.8,Idle
18:08:51,2.5,8.7,15,19.8,Idle
18:08:52,2.0,8.7,15,19.8,Idle
18:08:53,2.5,8.7,15,19.8,Idle
18:08:54,2.5,8.7,15,19.8,Idle
18:08:55,12.6,8.5,15,19.8,Idle
18:08:56,53.5,8.7,15,19.8,Medium
18:08:57,39.7,8.7,15,19.8,Medium
18:08:58,2.0,8.7,15,19.8,Idle
18:08:59,3.0,8.7,15,19.8,Idle
18:09:00,2.0,8.7,15,19.8,Idle
18:09:01,3.5,8.7,15,19.8,Idle
18:09:02,3.0,8.7,15,19.8,Idle
18:09:03,3.0,8.7,15,19.8,Idle
18:09:04,2.5,8.7,15,19.8,Idle
18:09:05,2.0,8.7,15,19.8,Idle
18:09:06,3.5,8.7,15,19.8,Idle
18:09:07,23.6,8.7,15,19.8,Idle
18:09:08,55.3,8.8,15,19.8,Medium
18:09:09,32.5,8.8,15,19.8,Medium
18:09:10,3.0,8.8,15,19.8,Idle
18:09:11,3.0,8.8,15,19.8,Idle
18:09:12,3.0,8.8,15,19.8,Idle
18:09:13,4.0,8.8,15,19.8,Idle
18:09:14,3.0,8.8,15,19.8,Idle
18:09:15,3.0,8.8,15,19.8,Idle
18:09:16,2.5,8.8,15,19.8,Idle
18:09:17,2.5,8.8,15,19.8,Idle
18:09:18,4.0,8.8,15,19.8,Idle
18:09:19,29.6,8.8,15,19.8,Idle
18:09:20,54.8,8.8,15,19.8,Medium
18:09:21,24.7,8.6,15,19.8,Idle
18:09:22,5.5,8.6,15,19.8,Idle
18:09:23,3.0,8.6,15,19.8,Idle
18:09:24,2.5,8.6,15,19.8,Idle
18:09:25,2.5,8.6,15,19.8,Idle
18:09:26,3.0,8.6,15,19.8,Idle
18:09:27,4.0,8.6,15,19.8,Idle
18:09:28,3.0,8.6,15,19.8,Idle
18:09:29,3.0,8.6,15,19.8,Idle
18:09:30,2.0,8.6,15,19.8,Idle
18:09:31,38.2,8.8,15,19.8,Medium
18:09:32,56.3,8.6,15,19.8,Medium
18:09:33,18.7,8.6,15,19.8,Idle
18:09:34,3.5,8.6,15,19.8,Idle
18:09:35,3.0,8.6,15,19.8,Idle
18:09:36,3.5,8.6,15,19.8,Idle
18:09:37,4.0,8.6,15,19.8,Idle
18:09:38,5.0,8.6,15,19.8,Idle
18:09:39,2.5,8.6,15,19.8,Idle
18:09:40,3.5,8.6,15,19.8,Idle
18:09:41,2.5,8.6,15,19.8,Idle
18:09:42,3.0,8.6,15,19.8,Idle
18:09:43,43.0,8.8,15,19.8,Medium
18:09:44,57.8,8.8,15,19.8,Medium
18:09:45,8.1,8.8,15,19.8,Idle
18:09:46,3.0,8.8,15,19.8,Idle
18:09:47,3.0,8.8,15,19.8,Idle
18:09:48,3.5,8.8,15,19.8,Idle
18:09:49,2.5,8.8,15,19.8,Idle
18:09:50,2.5,8.8,15,19.8,Idle
18:09:51,3.0,8.8,15,19.8,Idle
18:09:52,2.5,8.8,15,19.8,Idle
18:09:53,4.0,8.8,15,19.8,Idle
18:09:54,3.0,8.8,15,19.8,Idle
18:09:55,51.5,8.8,15,19.8,Medium
18:09:56,53.8,8.8,15,19.8,Medium
18:09:57,3.0,8.8,15,19.8,Idle
18:09:58,2.0,8.8,15,19.8,Idle
18:09:59,3.0,8.8,15,19.8,Idle
18:10:00,3.0,8.8,15,19.8,Idle
18:10:01,3.5,8.8,15,19.8,Idle
18:10:02,3.0,8.8,15,19.8,Idle
18:10:03,3.0,8.8,15,19.8,Idle
18:10:04,2.5,8.8,15,19.8,Idle
18:10:05,3.0,8.8,15,19.8,Idle
18:10:06,7.1,8.8,15,19.8,Idle
18:10:07,53.5,8.7,15,19.8,Medium
18:10:08,50.8,8.5,15,19.8,Medium
18:10:09,3.5,8.5,15,19.8,Idle
18:10:10,2.5,8.5,15,19.8,Idle
18:10:11,2.5,8.5,15,19.8,Idle
18:10:12,2.5,8.5,15,19.8,Idle
18:10:13,4.0,8.5,15,19.8,Idle
18:10:14,3.5,8.5,15,19.8,Idle
18:10:15,2.5,8.5,15,19.8,Idle
18:10:16,3.0,8.6,15,19.8,Idle
18:10:17,3.5,8.6,15,19.8,Idle
18:10:18,14.6,8.8,15,19.8,Idle
18:10:19,54.0,8.8,15,19.8,Medium
18:10:20,38.5,8.8,15,19.8,Medium
18:10:21,3.0,8.8,15,19.8,Idle
18:10:22,2.5,8.8,15,19.8,Idle
18:10:23,3.5,8.8,15,19.8,Idle
18:10:24,2.5,8.8,15,19.8,Idle
18:10:25,2.5,8.8,15,19.8,Idle
18:10:26,3.0,8.8,15,19.8,Idle
18:10:27,2.5,8.8,15,19.8,Idle
18:10:28,3.0,8.8,15,19.8,Idle
18:10:29,2.5,8.8,15,19.8,Idle
18:10:30,23.9,8.6,15,19.8,Idle
18:10:31,55.5,8.7,15,19.8,Medium
18:10:32,31.5,8.7,15,19.8,Medium
18:10:33,4.5,8.7,15,19.8,Idle
18:10:34,3.5,8.7,15,19.8,Idle
18:10:35,2.5,8.7,15,19.8,Idle
18:10:36,2.0,8.7,15,19.8,Idle
18:10:37,6.5,8.7,15,19.8,Idle
18:10:38,5.1,8.7,15,19.8,Idle
18:10:39,3.5,8.7,15,19.8,Idle
18:10:40,3.0,8.7,15,19.8,Idle
18:10:41,3.0,8.7,15,19.8,Idle
18:10:42,34.2,8.6,15,19.8,Medium
18:10:43,55.1,8.7,15,19.8,Medium
18:10:44,20.1,8.7,15,19.8,Idle
18:10:45,2.0,8.7,15,19.8,Idle
18:10:46,2.5,8.7,15,19.8,Idle
18:10:47,4.0,8.7,15,19.8,Idle
18:10:48,2.5,8.7,15,19.8,Idle
18:10:49,3.0,8.7,15,19.8,Idle
18:10:50,2.5,8.7,15,19.8,Idle
18:10:51,2.5,8.7,15,19.8,Idle
18:10:52,3.0,8.7,15,19.8,Idle
18:10:53,2.5,8.7,15,19.8,Idle
18:10:54,40.1,8.6,15,19.8,Medium
18:10:55,57.0,8.7,15,19.8,Medium
18:10:56,7.1,8.7,15,19.8,Idle
18:10:57,3.0,8.7,15,19.8,Idle
18:10:58,2.5,8.7,15,19.8,Idle
18:10:59,3.5,8.7,15,19.8,Idle
18:11:00,3.0,8.7,15,19.8,Idle
18:11:01,3.5,8.7,15,19.8,Idle
18:11:02,5.0,8.7,15,19.8,Idle
18:11:03,3.0,8.7,15,19.8,Idle
18:11:04,2.5,8.7,15,19.8,Idle
18:11:05,3.0,8.7,15,19.8,Idle
18:11:06,52.7,8.8,15,19.8,Medium
18:11:07,54.1,8.8,15,19.8,Medium
18:11:08,4.5,8.8,15,19.8,Idle
18:11:09,3.5,8.8,15,19.8,Idle
18:11:10,2.5,8.8,15,19.8,Idle
18:11:11,3.5,8.8,15,19.8,Idle
18:11:12,3.0,8.8,15,19.8,Idle
18:11:13,3.0,8.8,15,19.8,Idle
18:11:14,2.5,8.8,15,19.8,Idle
18:11:15,3.5,8.8,15,19.8,Idle
18:11:16,4.5,8.8,15,19.8,Idle
18:11:17,8.6,8.6,15,19.8,Idle
18:11:18,54.2,8.7,15,19.8,Medium
18:11:19,42.9,8.8,15,19.8,Medium
18:11:20,2.5,8.8,15,19.8,Idle
18:11:21,2.5,8.8,15,19.8,Idle
18:11:22,3.0,8.8,15,19.8,Idle
18:11:23,2.5,8.8,15,19.8,Idle
18:11:24,1.5,8.8,15,19.8,Idle
18:11:25,2.5,8.8,15,19.8,Idle
18:11:26,4.0,8.8,15,19.8,Idle
18:11:27,4.5,8.8,15,19.8,Idle
18:11:28,3.0,8.8,15,19.8,Idle
18:11:29,20.2,8.7,15,19.8,Idle
18:11:30,54.3,8.7,15,19.8,Medium
18:11:31,33.5,8.7,15,19.8,Medium
18:11:32,3.0,8.7,15,19.8,Idle
18:11:33,3.5,8.7,15,19.8,Idle
18:11:34,3.0,8.7,15,19.8,Idle
18:11:35,2.5,8.7,15,19.8,Idle
18:11:36,2.5,8.7,15,19.8,Idle
18:11:37,4.5,8.7,15,19.8,Idle
18:11:38,4.1,8.7,15,19.8,Idle
18:11:39,3.5,8.7,15,19.8,Idle
18:11:40,3.0,8.7,15,19.8,Idle
18:11:41,27.9,8.7,15,19.8,Idle
18:11:42,56.5,8.7,15,19.8,Medium
18:11:43,23.7,8.5,15,19.8,Idle
18:11:44,3.0,8.5,15,19.8,Idle
18:11:45,2.5,8.5,15,19.8,Idle
18:11:46,2.5,8.5,15,19.8,Idle
18:11:47,4.5,8.5,15,19.8,Idle
18:11:48,3.0,8.5,15,19.8,Idle
18:11:49,2.5,8.5,15,19.8,Idle
18:11:50,3.0,8.5,15,19.8,Idle
18:11:51,3.0,8.5,15,19.8,Idle
18:11:52,2.0,8.5,15,19.8,Idle
18:11:53,38.2,8.8,15,19.8,Medium
18:11:54,56.1,8.8,15,19.8,Medium
18:11:55,12.2,8.8,15,19.8,Idle
18:11:56,3.0,8.8,15,19.8,Idle
18:11:57,3.0,8.8,15,19.8,Idle
18:11:58,4.5,8.8,15,19.8,Idle
18:11:59,2.5,8.8,15,19.8,Idle
18:12:00,3.5,8.8,15,19.8,Idle
18:12:01,3.0,8.8,15,19.8,Idle
18:12:02,3.0,8.8,15,19.8,Idle
18:12:03,2.0,8.8,15,19.8,Idle
18:12:04,2.0,8.8,15,19.8,Idle
18:12:05,47.0,8.7,15,19.8,Medium
18:12:06,57.4,8.5,15,19.8,Medium
18:12:07,3.5,8.5,15,19.8,Idle
18:12:08,3.5,8.5,15,19.8,Idle
18:12:09,5.5,8.5,15,19.8,Idle
18:12:10,3.0,8.5,15,19.8,Idle
18:12:11,3.0,8.5,15,19.8,Idle
18:12:12,3.0,8.5,15,19.8,Idle
18:12:13,3.5,8.5,15,19.8,Idle
18:12:14,2.5,8.5,15,19.8,Idle
18:12:15,2.0,8.5,15,19.8,Idle
18:12:16,4.5,8.5,15,19.8,Idle
18:12:17,60.5,8.6,15,19.8,Heavy
18:12:18,51.0,8.8,15,19.8,Medium
18:12:19,3.5,8.8,15,19.8,Idle
18:12:20,2.5,8.8,15,19.8,Idle
18:12:21,3.0,8.8,15,19.8,Idle
18:12:22,10.2,8.8,15,19.8,Idle
18:12:23,3.5,8.8,15,19.8,Idle
18:12:24,3.0,8.8,15,19.8,Idle
18:12:25,2.5,8.8,15,19.8,Idle
18:12:26,2.5,8.8,15,19.8,Idle
18:12:27,6.6,8.8,15,19.8,Idle
18:12:28,11.2,8.6,15,19.8,Idle
18:12:29,53.8,8.7,15,19.8,Medium
18:12:30,38.3,8.5,15,19.8,Medium
18:12:31,3.5,8.5,15,19.8,Idle
18:12:32,3.6,8.5,15,19.8,Idle
18:12:33,3.5,8.5,15,19.8,Idle
18:12:34,3.0,8.5,15,19.8,Idle
18:12:35,2.5,8.5,15,19.8,Idle
18:12:36,3.0,8.5,15,19.8,Idle
18:12:37,10.6,8.6,15,19.8,Idle
18:12:38,3.0,8.6,15,19.8,Idle
18:12:39,5.5,8.6,15,19.8,Idle
18:12:40,24.4,8.7,15,19.8,Idle
18:12:41,55.4,8.8,15,19.8,Medium
18:12:42,34.0,8.8,15,19.8,Medium
18:12:43,1.5,8.8,15,19.8,Idle
18:12:44,2.5,8.8,15,19.8,Idle
18:12:45,3.0,8.8,15,19.8,Idle
18:12:46,3.5,8.8,15,19.8,Idle
18:12:47,3.0,8.8,15,19.8,Idle
18:12:48,2.5,8.8,15,19.8,Idle
18:12:49,3.0,8.8,15,19.8,Idle
18:12:50,3.5,8.8,15,19.8,Idle
18:12:51,3.0,8.8,15,19.8,Idle
18:12:52,37.2,8.8,15,19.8,Medium
18:12:53,56.3,8.8,15,19.8,Medium
18:12:54,15.1,8.8,15,19.8,Idle
18:12:55,3.0,8.8,15,19.8,Idle
18:12:56,2.5,8.8,15,19.8,Idle
18:12:57,2.5,8.8,15,19.8,Idle
18:12:58,2.5,8.8,15,19.8,Idle
18:12:59,3.0,8.8,15,19.8,Idle
18:13:00,3.0,8.8,15,19.8,Idle
18:13:01,3.0,8.8,15,19.8,Idle
18:13:02,5.5,8.8,15,19.8,Idle
18:13:03,3.0,8.8,15,19.8,Idle
18:13:04,45.5,8.7,15,19.8,Medium
18:13:05,58.3,8.8,15,19.8,Medium
18:13:06,5.6,8.8,15,19.8,Idle
18:13:07,6.5,8.8,15,19.8,Idle
18:13:08,3.0,8.8,15,19.8,Idle
18:13:09,4.5,8.8,15,19.8,Idle
18:13:10,2.0,8.6,15,19.8,Idle
18:13:11,3.5,8.6,15,19.8,Idle
18:13:12,14.6,8.6,15,19.8,Idle
18:13:13,3.5,8.6,15,19.8,Idle
18:13:14,3.0,8.6,15,19.8,Idle
18:13:15,2.5,8.6,15,19.8,Idle
18:13:16,55.1,8.9,15,19.8,Medium
18:13:17,49.7,8.9,15,19.8,Medium
18:13:18,2.5,8.9,15,19.8,Idle
18:13:19,2.5,8.9,15,19.8,Idle
18:13:20,2.5,8.9,15,19.8,Idle
18:13:21,5.1,8.9,15,19.8,Idle
18:13:22,2.5,8.9,15,19.8,Idle
18:13:23,2.5,8.9,15,19.8,Idle
18:13:24,2.5,8.9,15,19.8,Idle
18:13:25,2.5,8.9,15,19.8,Idle
18:13:26,3.0,8.9,15,19.8,Idle
18:13:27,12.6,8.7,15,19.8,Idle
18:13:28,54.0,8.9,15,19.8,Medium
18:13:29,43.4,8.9,15,19.8,Medium
18:13:30,3.0,8.9,15,19.8,Idle
18:13:31,7.5,8.9,15,19.8,Idle
18:13:32,2.0,8.9,15,19.8,Idle
18:13:33,3.5,8.9,15,19.8,Idle
18:13:34,2.5,8.9,15,19.8,Idle
18:13:35,3.0,8.9,15,19.8,Idle
18:13:36,5.0,8.9,15,19.8,Idle
18:13:37,3.5,8.9,15,19.8,Idle
18:13:38,3.0,8.9,15,19.8,Idle
18:13:39,21.2,8.9,15,19.8,Idle
18:13:40,54.3,9.0,15,19.8,Medium
18:13:41,33.5,8.7,15,19.8,Medium
18:13:42,3.5,8.7,15,19.8,Idle
18:13:43,3.0,8.7,15,19.8,Idle
18:13:44,3.0,8.7,15,19.8,Idle
18:13:45,3.0,8.7,15,19.8,Idle
18:13:46,5.5,8.7,15,19.8,Idle
18:13:47,2.5,8.7,15,19.8,Idle
18:13:48,3.0,8.7,15,19.8,Idle
18:13:49,3.5,8.7,15,19.8,Idle
18:13:50,2.5,8.7,15,19.8,Idle
18:13:51,28.4,8.8,15,19.8,Idle
18:13:52,55.8,9.0,15,19.8,Medium
18:13:53,24.0,8.7,15,19.8,Idle
18:13:54,3.5,8.7,15,19.8,Idle
18:13:55,3.0,8.7,15,19.8,Idle
18:13:56,4.5,8.7,15,19.8,Idle
18:13:57,3.0,8.7,15,19.8,Idle
18:13:58,2.5,8.7,15,19.8,Idle
18:13:59,3.0,8.7,15,19.8,Idle
18:14:00,4.5,8.7,15,19.8,Idle
18:14:01,2.5,8.7,15,19.8,Idle
18:14:02,3.0,8.7,15,19.8,Idle
18:14:03,37.4,8.9,15,19.8,Medium
18:14:04,56.6,8.7,15,19.8,Medium
18:14:05,12.2,8.7,15,19.8,Idle
18:14:06,3.0,8.7,15,19.8,Idle
18:14:07,3.5,8.7,15,19.8,Idle
18:14:08,2.5,8.7,15,19.8,Idle
18:14:09,4.1,8.7,15,19.8,Idle
18:14:10,3.5,8.7,15,19.8,Idle
18:14:11,6.0,8.7,15,19.8,Idle
18:14:12,3.0,8.7,15,19.8,Idle
18:14:13,5.0,8.7,15,19.8,Idle
18:14:14,3.5,8.7,15,19.8,Idle
18:14:15,47.5,8.9,15,19.8,Medium
18:14:16,59.6,8.9,15,19.8,Medium
18:14:17,3.0,8.9,15,19.8,Idle
18:14:18,3.5,8.9,15,19.8,Idle
18:14:19,2.0,8.9,15,19.8,Idle
18:14:20,2.5,8.9,15,19.8,Idle
18:14:21,3.5,8.9,15,19.8,Idle
18:14:22,3.0,8.9,15,19.8,Idle
18:14:23,3.5,8.9,15,19.8,Idle
18:14:24,3.5,8.9,15,19.8,Idle
18:14:25,4.0,8.9,15,19.8,Idle
18:14:26,5.5,8.9,15,19.8,Idle
18:14:27,55.3,8.8,15,19.8,Medium
18:14:28,49.0,8.9,15,19.8,Medium
18:14:29,2.0,8.9,15,19.8,Idle
18:14:30,3.0,8.9,15,19.8,Idle
18:14:31,2.5,8.9,15,19.8,Idle
18:14:32,3.5,8.9,15,19.8,Idle
18:14:33,4.0,8.9,15,19.8,Idle
18:14:34,2.5,8.9,15,19.8,Idle
18:14:35,4.0,8.9,15,19.8,Idle
18:14:36,17.8,8.9,15,19.8,Idle
18:14:37,3.0,8.9,15,19.8,Idle
18:14:38,14.3,8.9,15,19.8,Idle
18:14:39,55.5,8.9,15,19.8,Medium
18:14:40,39.1,9.0,15,19.8,Medium
18:14:41,4.0,9.0,15,19.8,Idle
18:14:42,2.5,9.0,15,19.8,Idle
18:14:43,2.5,9.0,15,19.8,Idle
18:14:44,3.5,9.0,15,19.8,Idle
18:14:45,2.5,9.0,15,19.8,Idle
18:14:46,3.0,9.0,15,19.8,Idle
18:14:47,3.0,9.0,15,19.8,Idle
18:14:48,2.5,9.0,15,19.8,Idle
18:14:49,3.0,9.0,15,19.8,Idle
18:14:50,21.4,9.0,15,19.8,Idle
18:14:51,56.8,9.0,15,19.8,Medium
18:14:52,32.0,8.8,15,19.8,Medium
18:14:53,3.5,8.8,15,19.8,Idle
18:14:54,3.5,8.8,15,19.8,Idle
18:14:55,2.0,8.8,15,19.8,Idle
18:14:56,2.5,8.8,15,19.8,Idle
18:14:57,3.0,8.8,15,19.8,Idle
18:14:58,3.5,8.8,15,19.8,Idle
18:14:59,2.5,8.8,15,19.8,Idle
18:15:00,3.0,8.8,15,19.8,Idle
18:15:01,3.0,8.8,15,19.8,Idle
18:15:02,30.3,8.9,15,19.8,Medium
18:15:03,54.8,8.9,15,19.8,Medium
18:15:04,20.6,8.7,15,19.8,Idle
18:15:05,3.0,8.7,15,19.8,Idle
18:15:06,2.5,8.7,15,19.8,Idle
18:15:07,4.0,8.7,15,19.8,Idle
18:15:08,3.5,8.7,15,19.8,Idle
18:15:09,6.0,8.7,15,19.8,Idle
18:15:10,2.5,8.7,15,19.8,Idle
18:15:11,5.1,8.7,15,19.8,Idle
18:15:12,3.0,8.7,15,19.8,Idle
18:15:13,3.5,8.7,15,19.8,Idle
18:15:14,41.1,8.9,15,19.8,Medium
18:15:15,57.0,8.7,15,19.8,Medium
18:15:16,8.1,8.7,15,19.8,Idle
18:15:17,2.5,8.7,15,19.8,Idle
18:15:18,3.5,8.7,15,19.8,Idle
18:15:19,1.5,8.7,15,19.8,Idle
18:15:20,1.5,8.7,15,19.8,Idle
18:15:21,3.5,8.7,15,19.8,Idle
18:15:22,2.5,8.7,15,19.8,Idle
18:15:23,3.5,8.7,15,19.8,Idle
18:15:24,2.5,8.7,15,19.8,Idle
18:15:25,3.0,8.7,15,19.8,Idle
18:15:26,51.3,8.9,15,19.8,Medium
18:15:27,54.0,8.9,15,19.8,Medium
18:15:28,2.5,8.9,15,19.8,Idle
18:15:29,5.1,8.9,15,19.8,Idle
18:15:30,2.5,8.9,15,19.8,Idle
18:15:31,3.5,8.9,15,19.8,Idle
18:15:32,3.5,8.9,15,19.8,Idle
18:15:33,2.5,8.9,15,19.8,Idle
18:15:34,3.0,8.9,15,19.8,Idle
18:15:35,3.0,8.9,15,19.8,Idle
18:15:36,3.0,8.9,15,19.8,Idle
18:15:37,8.0,8.9,15,19.8,Idle
18:15:38,54.5,9.0,15,19.8,Medium
18:15:39,47.7,8.9,15,19.8,Medium
18:15:40,4.0,8.9,15,19.8,Idle
18:15:41,3.5,8.9,15,19.8,Idle
18:15:42,3.5,8.9,15,19.8,Idle
18:15:43,3.0,8.7,15,19.8,Idle
18:15:44,3.0,8.7,15,19.8,Idle
18:15:45,2.5,8.7,15,19.8,Idle
18:15:46,3.5,8.7,15,19.8,Idle
18:15:47,3.5,8.7,15,19.8,Idle
18:15:48,2.5,8.7,15,19.8,Idle
18:15:49,18.3,8.8,15,19.8,Idle
18:15:50,54.3,8.8,15,19.8,Medium
18:15:51,40.7,8.7,15,19.8,Medium
18:15:52,3.0,8.7,15,19.8,Idle
18:15:53,3.0,8.7,15,19.8,Idle
18:15:54,2.5,8.7,15,19.8,Idle
18:15:55,3.5,8.7,15,19.8,Idle
18:15:56,3.0,8.7,15,19.8,Idle
18:15:57,3.5,8.7,15,19.8,Idle
18:15:58,2.0,8.7,15,19.8,Idle
18:15:59,4.5,8.7,15,19.8,Idle
18:16:00,3.5,8.7,15,19.8,Idle
18:16:01,24.1,8.9,15,19.8,Idle
18:16:02,55.8,8.8,15,19.8,Medium
18:16:03,28.8,8.9,15,19.8,Idle
18:16:04,3.0,8.9,15,19.8,Idle
18:16:05,3.0,8.9,15,19.8,Idle
18:16:06,2.0,8.9,15,19.8,Idle
18:16:07,3.5,8.9,15,19.8,Idle
18:16:08,2.0,8.9,15,19.8,Idle
18:16:09,4.0,8.9,15,19.8,Idle
18:16:10,5.5,8.9,15,19.8,Idle
18:16:11,4.0,8.9,15,19.8,Idle
18:16:12,3.0,8.9,15,19.8,Idle
18:16:13,33.8,8.9,15,19.8,Medium
18:16:14,55.6,9.0,15,19.8,Medium
18:16:15,15.8,9.0,15,19.8,Idle
18:16:16,2.5,9.0,15,19.8,Idle
18:16:17,5.6,9.0,15,19.8,Idle
18:16:18,2.5,9.0,15,19.8,Idle
18:16:19,2.5,9.0,15,19.8,Idle
18:16:20,3.5,9.0,15,19.8,Idle
18:16:21,3.5,9.0,15,19.8,Idle
18:16:22,2.5,9.0,15,19.8,Idle
18:16:23,3.5,9.0,15,19.8,Idle
18:16:24,5.1,9.0,15,19.8,Idle
18:16:25,44.7,8.8,15,19.8,Medium
18:16:26,57.9,8.9,15,19.8,Medium
18:16:27,7.6,8.9,15,19.8,Idle
18:16:28,3.5,8.9,15,19.8,Idle
18:16:29,3.5,8.9,15,19.8,Idle
18:16:30,5.1,8.9,15,19.8,Idle
18:16:31,3.5,8.9,15,19.8,Idle
18:16:32,3.5,8.9,15,19.8,Idle
18:16:33,4.0,8.9,15,19.8,Idle
18:16:34,2.5,8.9,15,19.8,Idle
18:16:35,4.0,8.9,15,19.8,Idle
18:16:36,5.0,8.9,15,19.8,Idle
18:16:37,51.3,8.8,15,19.8,Medium
18:16:38,51.8,8.7,15,19.8,Medium
18:16:39,5.5,8.7,15,19.8,Idle
18:16:40,4.0,8.7,15,19.8,Idle
18:16:41,3.5,8.7,15,19.8,Idle
18:16:42,6.0,8.7,15,19.8,Idle
18:16:43,3.5,8.7,15,19.8,Idle
18:16:44,4.0,8.7,15,19.8,Idle
18:16:45,5.1,8.7,15,19.8,Idle
18:16:46,6.5,8.7,15,19.8,Idle
18:16:47,3.0,8.7,15,19.8,Idle
18:16:48,10.1,8.8,15,19.8,Idle
18:16:49,54.5,8.9,15,19.8,Medium
18:16:50,42.6,8.9,15,19.8,Medium
18:16:51,5.9,8.9,15,19.8,Idle
18:16:52,2.5,8.9,15,19.8,Idle
18:16:53,5.6,8.9,15,19.8,Idle
18:16:54,4.6,8.9,15,19.8,Idle
18:16:55,5.1,8.9,15,19.8,Idle
18:16:56,3.1,8.9,15,19.8,Idle
18:16:57,4.6,8.9,15,19.8,Idle
18:16:58,4.0,8.9,15,19.8,Idle
18:16:59,3.1,8.9,15,19.8,Idle
18:17:00,19.8,8.9,15,19.8,Idle
18:17:01,55.0,9.0,15,19.8,Medium
18:17:02,32.0,8.9,15,19.8,Medium
18:17:03,3.5,8.9,15,19.8,Idle
18:17:04,3.1,8.9,15,19.8,Idle
18:17:05,3.0,8.9,15,19.8,Idle
18:17:06,3.5,8.9,15,19.8,Idle
18:17:07,4.0,8.9,15,19.8,Idle
18:17:09,5.0,8.9,15,19.8,Idle
18:17:10,3.0,8.9,15,19.8,Idle
18:17:11,6.0,8.9,15,19.8,Idle
18:17:12,3.5,8.9,15,19.8,Idle
18:17:13,32.3,8.9,15,19.8,Medium
18:17:14,56.6,8.8,15,19.8,Medium
18:17:15,17.8,8.8,15,19.8,Idle
18:17:16,5.5,8.8,15,19.8,Idle
18:17:17,6.1,8.8,15,19.8,Idle
18:17:18,2.5,8.8,15,19.8,Idle
18:17:19,3.0,8.8,15,19.8,Idle
18:17:20,3.0,8.8,15,19.8,Idle
18:17:21,5.5,8.8,15,19.8,Idle
18:17:22,4.5,8.8,15,19.8,Idle
18:17:23,2.5,8.8,15,19.8,Idle
18:17:24,3.5,8.8,15,19.8,Idle
18:17:25,43.9,8.8,15,19.8,Medium
18:17:26,58.1,8.8,15,19.8,Medium
18:17:27,7.1,8.8,15,19.8,Idle
18:17:28,3.5,8.8,15,19.8,Idle
18:17:29,4.0,8.8,15,19.8,Idle
18:17:30,3.0,8.8,15,19.8,Idle
18:17:31,3.0,8.8,15,19.8,Idle
18:17:32,3.0,8.8,15,19.8,Idle
18:17:33,3.5,8.8,15,19.8,Idle
18:17:34,4.0,8.8,15,19.8,Idle
18:17:35,3.0,8.8,15,19.8,Idle
18:17:36,4.6,8.8,15,19.8,Idle
18:17:37,54.0,8.9,15,19.8,Medium
18:17:38,49.2,9.0,15,19.8,Medium
18:17:39,2.0,9.0,15,19.8,Idle
18:17:40,3.0,9.0,15,19.8,Idle
18:17:41,4.5,9.0,15,19.8,Idle
18:17:42,4.0,9.0,15,19.8,Idle
18:17:43,3.0,9.0,15,19.8,Idle
18:17:44,3.5,9.0,15,19.8,Idle
18:17:45,3.5,9.0,15,19.8,Idle
18:17:46,7.0,9.0,15,19.8,Idle
18:17:47,9.0,9.0,15,19.8,Idle
18:17:48,13.3,9.0,15,19.8,Idle
18:17:49,53.5,8.9,15,19.8,Medium
18:17:50,40.6,9.0,15,19.8,Medium
18:17:51,7.0,9.1,15,19.8,Idle
18:17:52,7.6,9.1,15,19.8,Idle
18:17:53,4.0,9.1,15,19.8,Idle
18:17:54,5.6,9.1,15,19.8,Idle
18:17:55,3.5,8.8,15,19.8,Idle
18:17:56,5.6,8.8,15,19.8,Idle
18:17:57,5.5,8.8,15,19.8,Idle
18:17:58,3.0,8.8,15,19.8,Idle
18:17:59,3.5,8.8,15,19.8,Idle
18:18:00,22.2,8.9,15,19.8,Idle
18:18:01,57.8,9.0,15,19.8,Medium
18:18:02,34.2,9.0,15,19.8,Medium
18:18:03,4.0,9.0,15,19.8,Idle
18:18:04,3.5,9.0,15,19.8,Idle
18:18:05,2.5,9.0,15,19.8,Idle
18:18:06,4.0,9.0,15,19.8,Idle
18:18:07,2.5,9.0,15,19.8,Idle
18:18:08,3.0,9.0,15,19.8,Idle
18:18:09,3.0,9.0,15,19.8,Idle
18:18:10,3.0,9.0,15,19.8,Idle
18:18:11,6.6,9.0,15,19.8,Idle
18:18:12,31.5,9.0,15,19.8,Medium
18:18:13,56.8,9.0,15,19.8,Medium
